dex,name,ablility,,,,,
1,Bulbasaur,38,,,,,
1,Bulbasaur,72,,,,,
2,Ivysaur,38,,,,,
2,Ivysaur,72,,,,,
3,Venusaur,38,,,,,
3,Venusaur,72,,,,,
3,Mega Venusaur,10,,,,,
4,Charmander,73,,,,,
4,Charmander,87,,,,,
5,Charmeleon,73,,,,,
5,Charmeleon,87,,,,,
6,Charizard,73,,,,,
6,Charizard,87,,,,,
6,Mega Charizard X,165,,,,,
6,Mega Charizard Y,64,,,,,
7,Squirtle,9,,,,,
7,Squirtle,31,,,,,
8,Wartortle,9,,,,,
8,Wartortle,31,,,,,
9,Blastoise,9,,,,,
9,Blastoise,31,,,,,
9,Mega Blastoise,175,,,,,
10,Caterpie,21,,,,,
10,Caterpie,28,,,,,
11,Metapod,23,,,,,
12,Butterfree,68,,,,,
12,Butterfree,79,,,,,
13,Weedle,21,,,,,
13,Weedle,28,,,,,
14,Kakuna,23,,,,,
15,Beedrill,13,,,,,
15,Beedrill,90,,,,,
15,Mega Beedrill,123,,,,,
16,Pidgey,49,,,,,
16,Pidgey,81,,,,,
16,Pidgey,163,,,,,
17,Pidgeotto,49,,,,,
17,Pidgeotto,81,,,,,
17,Pidgeotto,163,,,,,
18,Pidgeot,49,,,,,
18,Pidgeot,81,,,,,
18,Pidgeot,163,,,,,
18,Mega Pidgeot,100,,,,,
19,Rattata,28,,,,,
19,Rattata,58,,,,,
19,Rattata,56,,,,,
19,Alolan Rattata,112,,,,,
19,Alolan Rattata,56,,,,,
19,Alolan Rattata,10,,,,,
20,Raticate,28,,,,,
20,Raticate,58,,,,,
20,Raticate,56,,,,,
20,Alolan Raticate,112,,,,,
20,Alolan Raticate,56,,,,,
20,Alolan Raticate,10,,,,,
21,Spearow,49,,,,,
21,Spearow,90,,,,,
22,Fearow,49,,,,,
22,Fearow,90,,,,,
23,Ekans,50,,,,,
23,Ekans,23,,,,,
23,Ekans,128,,,,,
24,Arbok,50,,,,,
24,Arbok,23,,,,,
24,Arbok,128,,,,,
25,Pikachu,18,,,,,
25,Pikachu,47,,,,,
25,Partner Pikachu,0,,,,,
26,Raichu,18,,,,,
26,Raichu,47,,,,,
26,Alolan Raichu,197,,,,,
27,Sandshrew,26,,,,,
27,Sandshrew,135,,,,,
27,Alolan Sandshrew,89,,,,,
27,Alolan Sandshrew,202,,,,,
28,Sandslash,26,,,,,
28,Sandslash,135,,,,,
28,Alolan Sandslash,89,,,,,
28,Alolan Sandslash,202,,,,,
29,Nidoranâ™€,34,,,,,
29,Nidoranâ™€,95,,,,,
29,Nidoranâ™€,56,,,,,
30,Nidorina,34,,,,,
30,Nidorina,95,,,,,
30,Nidorina,56,,,,,
31,Nidoqueen,34,,,,,
31,Nidoqueen,95,,,,,
31,Nidoqueen,133,,,,,
32,Nidoranâ™‚,34,,,,,
32,Nidoranâ™‚,95,,,,,
32,Nidoranâ™‚,56,,,,,
33,Nidorino,34,,,,,
33,Nidorino,95,,,,,
33,Nidorino,56,,,,,
34,Nidoking,34,,,,,
34,Nidoking,95,,,,,
34,Nidoking,133,,,,,
35,Clefairy,67,,,,,
35,Clefairy,104,,,,,
35,Clefairy,157,,,,,
36,Clefable,67,,,,,
36,Clefable,104,,,,,
36,Clefable,78,,,,,
37,Vulpix,60,,,,,
37,Vulpix,64,,,,,
37,Alolan Vulpix,89,,,,,
37,Alolan Vulpix,88,,,,,
38,Ninetales,60,,,,,
38,Ninetales,64,,,,,
38,Alolan Ninetales,89,,,,,
38,Alolan Ninetales,88,,,,,
39,Jigglypuff,67,,,,,
39,Jigglypuff,186,,,,,
39,Jigglypuff,157,,,,,
40,Wigglytuff,67,,,,,
40,Wigglytuff,186,,,,,
40,Wigglytuff,113,,,,,
41,Zubat,52,,,,,
41,Zubat,151,,,,,
42,Golbat,52,,,,,
42,Golbat,151,,,,,
43,Oddish,72,,,,,
43,Oddish,28,,,,,
44,Gloom,72,,,,,
44,Gloom,17,,,,,
45,Vileplume,72,,,,,
45,Vileplume,62,,,,,
46,Paras,62,,,,,
46,Paras,117,,,,,
46,Paras,66,,,,,
47,Parasect,62,,,,,
47,Parasect,117,,,,,
47,Parasect,66,,,,,
48,Venonat,68,,,,,
48,Venonat,79,,,,,
48,Venonat,28,,,,,
49,Venomoth,21,,,,,
49,Venomoth,79,,,,,
49,Venomoth,125,,,,,
50,Diglett,26,,,,,
50,Diglett,75,,,,,
50,Diglett,136,,,,,
50,Alolan Diglett,26,,,,,
50,Alolan Diglett,196,,,,,
50,Alolan Diglett,136,,,,,
51,Dugtrio,26,,,,,
51,Dugtrio,75,,,,,
51,Dugtrio,136,,,,,
51,Alolan Dugtrio,26,,,,,
51,Alolan Dugtrio,196,,,,,
51,Alolan Dugtrio,136,,,,,
52,Meowth,36,,,,,
52,Meowth,80,,,,,
52,Meowth,128,,,,,
52,Alolan Meowth,36,,,,,
52,Alolan Meowth,80,,,,,
52,Alolan Meowth,138,,,,,
52,Galarian Meowth,36,,,,,
52,Galarian Meowth,165,,,,,
52,Galarian Meowth,128,,,,,
53,Persian,46,,,,,
53,Persian,80,,,,,
53,Persian,128,,,,,
53,Alolan Persian,180,,,,,
53,Alolan Persian,80,,,,,
53,Alolan Persian,138,,,,,
54,Psyduck,66,,,,,
54,Psyduck,70,,,,,
54,Psyduck,12,,,,,
55,Golduck,66,,,,,
55,Golduck,70,,,,,
55,Golduck,12,,,,,
56,Mankey,6,,,,,
56,Mankey,121,,,,,
56,Mankey,159,,,,,
57,Primeape,6,,,,,
57,Primeape,121,,,,,
57,Primeape,159,,,,,
58,Growlithe,50,,,,,
58,Growlithe,60,,,,,
58,Growlithe,149,,,,,
58,Hisuian Growlithe,50,,,,,
58,Hisuian Growlithe,60,,,,,
58,Hisuian Growlithe,149,,,,,
59,Arcanine,50,,,,,
59,Arcanine,60,,,,,
59,Arcanine,149,,,,,
59,Hisuian Arcanine,50,,,,,
59,Hisuian Arcanine,60,,,,,
59,Hisuian Arcanine,149,,,,,
60,Poliwag,4,,,,,
60,Poliwag,66,,,,,
60,Poliwag,12,,,,,
61,Poliwhirl,4,,,,,
61,Poliwhirl,66,,,,,
61,Poliwhirl,12,,,,,
62,Poliwrath,4,,,,,
62,Poliwrath,66,,,,,
62,Poliwrath,12,,,,,
63,Abra,11,,,,,
63,Abra,52,,,,,
63,Abra,104,,,,,
64,Kadabra,11,,,,,
64,Kadabra,52,,,,,
64,Kadabra,104,,,,,
65,Alakazam,11,,,,,
65,Alakazam,52,,,,,
65,Alakazam,104,,,,,
65,Mega Alakazam,8,,,,,
66,Machop,58,,,,,
66,Machop,100,,,,,
66,Machop,82,,,,,
67,Machoke,58,,,,,
67,Machoke,100,,,,,
67,Machoke,82,,,,,
68,Machamp,58,,,,,
68,Machamp,100,,,,,
68,Machamp,82,,,,,
69,Bellsprout,72,,,,,
69,Bellsprout,112,,,,,
70,Weepinbell,72,,,,,
70,Weepinbell,112,,,,,
71,Victreebel,72,,,,,
71,Victreebel,112,,,,,
72,Tentacool,71,,,,,
72,Tentacool,45,,,,,
72,Tentacool,31,,,,,
73,Tentacruel,71,,,,,
73,Tentacruel,45,,,,,
73,Tentacruel,31,,,,,
74,Geodude,30,,,,,
74,Geodude,15,,,,,
74,Geodude,26,,,,,
74,Alolan Geodude,43,,,,,
74,Alolan Geodude,15,,,,,
74,Alolan Geodude,220,,,,,
75,Graveler,30,,,,,
75,Graveler,15,,,,,
75,Graveler,26,,,,,
75,Alolan Graveler,43,,,,,
75,Alolan Graveler,15,,,,,
75,Alolan Graveler,220,,,,,
76,Golem,30,,,,,
76,Golem,15,,,,,
76,Golem,26,,,,,
76,Alolan Golem,43,,,,,
76,Alolan Golem,15,,,,,
76,Alolan Golem,220,,,,,
77,Ponyta,28,,,,,
77,Ponyta,60,,,,,
77,Ponyta,61,,,,,
77,Galarian Ponyta,28,,,,,
77,Galarian Ponyta,248,,,,,
77,Galarian Ponyta,120,,,,,
78,Rapidash,28,,,,,
78,Rapidash,60,,,,,
78,Rapidash,61,,,,,
78,Galarian Rapidash,28,,,,,
78,Galarian Rapidash,248,,,,,
78,Galarian Rapidash,120,,,,,
79,Slowpoke,39,,,,,
79,Slowpoke,37,,,,,
79,Slowpoke,137,,,,,
79,Galarian Slowpoke,112,,,,,
79,Galarian Slowpoke,37,,,,,
79,Galarian Slowpoke,137,,,,,
80,Slowbro,39,,,,,
80,Slowbro,37,,,,,
80,Slowbro,137,,,,,
80,Mega Slowbro,22,,,,,
80,Galarian Slowbro,243,,,,,
80,Galarian Slowbro,37,,,,,
80,Galarian Slowbro,137,,,,,
81,Magnemite,43,,,,,
81,Magnemite,15,,,,,
81,Magnemite,164,,,,,
82,Magneton,43,,,,,
82,Magneton,15,,,,,
82,Magneton,164,,,,,
83,Farfetch'd,49,,,,,
83,Farfetch'd,52,,,,,
83,Farfetch'd,159,,,,,
83,Galarian Farfetch'd,82,,,,,
83,Galarian Farfetch'd,94,,,,,
84,Doduo,28,,,,,
84,Doduo,63,,,,,
84,Doduo,81,,,,,
85,Dodrio,28,,,,,
85,Dodrio,63,,,,,
85,Dodrio,81,,,,,
86,Seel,10,,,,,
86,Seel,109,,,,,
86,Seel,108,,,,,
87,Dewgong,10,,,,,
87,Dewgong,109,,,,,
87,Dewgong,108,,,,,
88,Grimer,17,,,,,
88,Grimer,16,,,,,
88,Grimer,140,,,,,
88,Alolan Grimer,140,,,,,
88,Alolan Grimer,112,,,,,
88,Alolan Grimer,211,,,,,
89,Muk,17,,,,,
89,Muk,16,,,,,
89,Muk,140,,,,,
89,Alolan Muk,140,,,,,
89,Alolan Muk,112,,,,,
89,Alolan Muk,211,,,,,
90,Shellder,22,,,,,
90,Shellder,92,,,,,
90,Shellder,142,,,,,
91,Cloyster,22,,,,,
91,Cloyster,92,,,,,
91,Cloyster,142,,,,,
92,Gastly,48,,,,,
93,Haunter,48,,,,,
94,Gengar,161,,,,,
94,Mega Gengar,24,,,,,
95,Onix,30,,,,,
95,Onix,15,,,,,
95,Onix,126,,,,,
96,Drowzee,51,,,,,
96,Drowzee,114,,,,,
96,Drowzee,52,,,,,
97,Hypno,51,,,,,
97,Hypno,114,,,,,
97,Hypno,52,,,,,
98,Krabby,55,,,,,
98,Krabby,22,,,,,
98,Krabby,133,,,,,
99,Kingler,55,,,,,
99,Kingler,22,,,,,
99,Kingler,133,,,,,
100,Voltorb,20,,,,,
100,Voltorb,18,,,,,
100,Voltorb,122,,,,,
100,Hisuian Voltorb,20,,,,,
100,Hisuian Voltorb,18,,,,,
100,Hisuian Voltorb,122,,,,,
101,Electrode,20,,,,,
101,Electrode,18,,,,,
101,Electrode,122,,,,,
101,Hisuian Electrode,20,,,,,
101,Hisuian Electrode,18,,,,,
101,Hisuian Electrode,122,,,,,
102,Exeggcute,72,,,,,
102,Exeggcute,156,,,,,
103,Exeggutor,72,,,,,
103,Exeggutor,156,,,,,
103,Alolan Exeggutor,113,,,,,
103,Alolan Exeggutor,156,,,,,
104,Cubone,30,,,,,
104,Cubone,47,,,,,
104,Cubone,74,,,,,
105,Marowak,30,,,,,
105,Marowak,47,,,,,
105,Marowak,74,,,,,
105,Alolan Marowak,161,,,,,
105,Alolan Marowak,47,,,,,
105,Alolan Marowak,30,,,,,
106,Hitmonlee,46,,,,,
106,Hitmonlee,96,,,,,
106,Hitmonlee,77,,,,,
107,Hitmonchan,49,,,,,
107,Hitmonchan,107,,,,,
107,Hitmonchan,52,,,,,
108,Lickitung,37,,,,,
108,Lickitung,39,,,,,
108,Lickitung,70,,,,,
109,Koffing,48,,,,,
109,Koffing,249,,,,,
109,Koffing,17,,,,,
110,Weezing,48,,,,,
110,Weezing,249,,,,,
110,Weezing,17,,,,,
110,Galarian Weezing,48,,,,,
110,Galarian Weezing,249,,,,,
110,Galarian Weezing,214,,,,,
111,Rhyhorn,47,,,,,
111,Rhyhorn,30,,,,,
111,Rhyhorn,96,,,,,
112,Rhydon,47,,,,,
112,Rhydon,30,,,,,
112,Rhydon,96,,,,,
113,Chansey,40,,,,,
113,Chansey,25,,,,,
113,Chansey,155,,,,,
114,Tangela,72,,,,,
114,Tangela,105,,,,,
114,Tangela,137,,,,,
115,Kangaskhan,63,,,,,
115,Kangaskhan,94,,,,,
115,Kangaskhan,52,,,,,
115,Mega Kangaskhan,174,,,,,
116,Horsea,12,,,,,
116,Horsea,90,,,,,
116,Horsea,66,,,,,
117,Seadra,34,,,,,
117,Seadra,90,,,,,
117,Seadra,66,,,,,
118,Goldeen,12,,,,,
118,Goldeen,3,,,,,
118,Goldeen,47,,,,,
119,Seaking,12,,,,,
119,Seaking,3,,,,,
119,Seaking,47,,,,,
120,Staryu,54,,,,,
120,Staryu,40,,,,,
120,Staryu,164,,,,,
121,Starmie,54,,,,,
121,Starmie,40,,,,,
121,Starmie,164,,,,,
122,Mr. Mime,20,,,,,
122,Mr. Mime,116,,,,,
122,Mr. Mime,80,,,,,
122,Galarian Mr. Mime,6,,,,,
122,Galarian Mr. Mime,240,,,,,
122,Galarian Mr. Mime,108,,,,,
123,Scyther,13,,,,,
123,Scyther,80,,,,,
123,Scyther,82,,,,,
124,Jynx,39,,,,,
124,Jynx,114,,,,,
124,Jynx,117,,,,,
125,Electabuzz,18,,,,,
125,Electabuzz,6,,,,,
126,Magmar,61,,,,,
126,Magmar,6,,,,,
127,Pinsir,55,,,,,
127,Pinsir,103,,,,,
127,Pinsir,145,,,,,
127,Mega Pinsir,191,,,,,
128,Tauros,50,,,,,
128,Tauros,121,,,,,
128,Tauros,133,,,,,
129,Magikarp,12,,,,,
129,Magikarp,138,,,,,
130,Gyarados,50,,,,,
130,Gyarados,145,,,,,
130,Mega Gyarados,103,,,,,
131,Lapras,4,,,,,
131,Lapras,22,,,,,
131,Lapras,109,,,,,
132,Ditto,46,,,,,
132,Ditto,152,,,,,
133,Eevee,28,,,,,
133,Eevee,123,,,,,
133,Eevee,120,,,,,
133,Partner Eevee,0,,,,,
134,Vaporeon,4,,,,,
134,Vaporeon,109,,,,,
135,Jolteon,5,,,,,
135,Jolteon,97,,,,,
136,Flareon,60,,,,,
136,Flareon,58,,,,,
137,Porygon,8,,,,,
137,Porygon,118,,,,,
137,Porygon,164,,,,,
138,Omanyte,12,,,,,
138,Omanyte,22,,,,,
138,Omanyte,126,,,,,
139,Omastar,12,,,,,
139,Omastar,22,,,,,
139,Omastar,126,,,,,
140,Kabuto,12,,,,,
140,Kabuto,74,,,,,
140,Kabuto,126,,,,,
141,Kabutops,12,,,,,
141,Kabutops,74,,,,,
141,Kabutops,126,,,,,
142,Aerodactyl,30,,,,,
142,Aerodactyl,33,,,,,
142,Aerodactyl,128,,,,,
142,Mega Aerodactyl,165,,,,,
143,Snorlax,53,,,,,
143,Snorlax,10,,,,,
143,Snorlax,112,,,,,
144,Articuno,33,,,,,
144,Articuno,89,,,,,
144,Galarian Articuno,186,,,,,
145,Zapdos,33,,,,,
145,Zapdos,18,,,,,
145,Galarian Zapdos,159,,,,,
146,Moltres,33,,,,,
146,Moltres,61,,,,,
146,Galarian Moltres,230,,,,,
147,Dratini,23,,,,,
147,Dratini,42,,,,,
148,Dragonair,23,,,,,
148,Dragonair,42,,,,,
149,Dragonite,52,,,,,
149,Dragonite,144,,,,,
150,Mewtwo,33,,,,,
150,Mewtwo,128,,,,,
150,Mega Mewtwo X,82,,,,,
150,Mega Mewtwo Y,51,,,,,
151,Mew,11,,,,,
152,Chikorita,38,,,,,
152,Chikorita,105,,,,,
153,Bayleef,38,,,,,
153,Bayleef,105,,,,,
154,Meganium,38,,,,,
154,Meganium,105,,,,,
155,Cyndaquil,73,,,,,
155,Cyndaquil,60,,,,,
156,Quilava,73,,,,,
156,Quilava,60,,,,,
157,Typhlosion,73,,,,,
157,Typhlosion,60,,,,,
157,Hisuian Typhlosion,73,,,,,
157,Hisuian Typhlosion,60,,,,,
158,Totodile,9,,,,,
158,Totodile,133,,,,,
159,Croconaw,9,,,,,
159,Croconaw,133,,,,,
160,Feraligatr,9,,,,,
160,Feraligatr,133,,,,,
161,Sentret,28,,,,,
161,Sentret,49,,,,,
161,Sentret,113,,,,,
162,Furret,28,,,,,
162,Furret,49,,,,,
162,Furret,113,,,,,
163,Hoothoot,51,,,,,
163,Hoothoot,49,,,,,
163,Hoothoot,79,,,,,
164,Noctowl,51,,,,,
164,Noctowl,49,,,,,
164,Noctowl,79,,,,,
165,Ledyba,13,,,,,
165,Ledyba,63,,,,,
165,Ledyba,138,,,,,
166,Ledian,13,,,,,
166,Ledian,63,,,,,
166,Ledian,107,,,,,
167,Spinarak,13,,,,,
167,Spinarak,51,,,,,
167,Spinarak,90,,,,,
168,Ariados,13,,,,,
168,Ariados,51,,,,,
168,Ariados,90,,,,,
169,Crobat,52,,,,,
169,Crobat,151,,,,,
170,Chinchou,5,,,,,
170,Chinchou,54,,,,,
170,Chinchou,4,,,,,
171,Lanturn,5,,,,,
171,Lanturn,54,,,,,
171,Lanturn,4,,,,,
172,Pichu,18,,,,,
172,Pichu,47,,,,,
173,Cleffa,67,,,,,
173,Cleffa,104,,,,,
173,Cleffa,157,,,,,
174,Igglybuff,67,,,,,
174,Igglybuff,186,,,,,
174,Igglybuff,157,,,,,
175,Togepi,56,,,,,
175,Togepi,25,,,,,
175,Togepi,82,,,,,
176,Togetic,56,,,,,
176,Togetic,25,,,,,
176,Togetic,82,,,,,
177,Natu,11,,,,,
177,Natu,63,,,,,
177,Natu,147,,,,,
178,Xatu,11,,,,,
178,Xatu,63,,,,,
178,Xatu,147,,,,,
179,Mareep,18,,,,,
179,Mareep,35,,,,,
180,Flaaffy,18,,,,,
180,Flaaffy,35,,,,,
181,Ampharos,18,,,,,
181,Ampharos,35,,,,,
181,Mega Ampharos,103,,,,,
182,Bellossom,72,,,,,
182,Bellossom,155,,,,,
183,Marill,10,,,,,
183,Marill,57,,,,,
183,Marill,134,,,,,
184,Azumarill,10,,,,,
184,Azumarill,57,,,,,
184,Azumarill,134,,,,,
185,Sudowoodo,15,,,,,
185,Sudowoodo,30,,,,,
185,Sudowoodo,138,,,,,
186,Politoed,4,,,,,
186,Politoed,66,,,,,
186,Politoed,65,,,,,
187,Hoppip,72,,,,,
187,Hoppip,105,,,,,
187,Hoppip,151,,,,,
188,Skiploom,72,,,,,
188,Skiploom,105,,,,,
188,Skiploom,151,,,,,
189,Jumpluff,72,,,,,
189,Jumpluff,105,,,,,
189,Jumpluff,151,,,,,
190,Aipom,28,,,,,
190,Aipom,36,,,,,
190,Aipom,92,,,,,
191,Sunkern,72,,,,,
191,Sunkern,87,,,,,
191,Sunkern,63,,,,,
192,Sunflora,72,,,,,
192,Sunflora,87,,,,,
192,Sunflora,63,,,,,
193,Yanma,19,,,,,
193,Yanma,68,,,,,
193,Yanma,113,,,,,
194,Wooper,66,,,,,
194,Wooper,4,,,,,
194,Wooper,78,,,,,
195,Quagsire,66,,,,,
195,Quagsire,4,,,,,
195,Quagsire,78,,,,,
196,Espeon,11,,,,,
196,Espeon,147,,,,,
197,Umbreon,11,,,,,
197,Umbreon,52,,,,,
198,Murkrow,51,,,,,
198,Murkrow,82,,,,,
198,Murkrow,139,,,,,
199,Slowking,39,,,,,
199,Slowking,37,,,,,
199,Slowking,137,,,,,
199,Galarian Slowking,266,,,,,
199,Galarian Slowking,37,,,,,
199,Galarian Slowking,137,,,,,
200,Misdreavus,48,,,,,
201,Unown,48,,,,,
202,Wobbuffet,24,,,,,
202,Wobbuffet,132,,,,,
203,Girafarig,52,,,,,
203,Girafarig,63,,,,,
203,Girafarig,134,,,,,
204,Pineco,15,,,,,
204,Pineco,142,,,,,
205,Forretress,15,,,,,
205,Forretress,142,,,,,
206,Dunsparce,25,,,,,
206,Dunsparce,28,,,,,
206,Dunsparce,138,,,,,
207,Gligar,55,,,,,
207,Gligar,26,,,,,
207,Gligar,53,,,,,
208,Steelix,30,,,,,
208,Steelix,15,,,,,
208,Steelix,133,,,,,
208,Mega Steelix,136,,,,,
209,Snubbull,50,,,,,
209,Snubbull,28,,,,,
209,Snubbull,138,,,,,
210,Granbull,50,,,,,
210,Granbull,97,,,,,
210,Granbull,138,,,,,
211,Qwilfish,34,,,,,
211,Qwilfish,12,,,,,
211,Qwilfish,50,,,,,
211,Hisuian Qwilfish,34,,,,,
211,Hisuian Qwilfish,12,,,,,
211,Hisuian Qwilfish,50,,,,,
212,Scizor,13,,,,,
212,Scizor,80,,,,,
212,Scizor,148,,,,,
212,Mega Scizor,80,,,,,
213,Shuckle,15,,,,,
213,Shuckle,112,,,,,
213,Shuckle,162,,,,,
214,Heracross,13,,,,,
214,Heracross,58,,,,,
214,Heracross,145,,,,,
214,Mega Heracross,92,,,,,
215,Sneasel,52,,,,,
215,Sneasel,49,,,,,
215,Sneasel,141,,,,,
215,Hisuian Sneasel,52,,,,,
215,Hisuian Sneasel,49,,,,,
215,Hisuian Sneasel,140,,,,,
216,Teddiursa,36,,,,,
216,Teddiursa,97,,,,,
216,Teddiursa,110,,,,,
217,Ursaring,58,,,,,
217,Ursaring,97,,,,,
217,Ursaring,128,,,,,
218,Slugma,44,,,,,
218,Slugma,61,,,,,
218,Slugma,126,,,,,
219,Magcargo,44,,,,,
219,Magcargo,61,,,,,
219,Magcargo,126,,,,,
220,Swinub,39,,,,,
220,Swinub,89,,,,,
220,Swinub,10,,,,,
221,Piloswine,39,,,,,
221,Piloswine,89,,,,,
221,Piloswine,10,,,,,
222,Corsola,56,,,,,
222,Corsola,40,,,,,
222,Corsola,137,,,,,
222,Galarian Corsola,126,,,,,
222,Galarian Corsola,161,,,,,
223,Remoraid,56,,,,,
223,Remoraid,90,,,,,
223,Remoraid,146,,,,,
224,Octillery,14,,,,,
224,Octillery,90,,,,,
224,Octillery,146,,,,,
225,Delibird,6,,,,,
225,Delibird,56,,,,,
225,Delibird,51,,,,,
226,Mantine,12,,,,,
226,Mantine,4,,,,,
226,Mantine,3,,,,,
227,Skarmory,49,,,,,
227,Skarmory,15,,,,,
227,Skarmory,126,,,,,
228,Houndour,63,,,,,
228,Houndour,60,,,,,
228,Houndour,128,,,,,
229,Houndoom,63,,,,,
229,Houndoom,60,,,,,
229,Houndoom,128,,,,,
229,Mega Houndoom,87,,,,,
230,Kingdra,12,,,,,
230,Kingdra,90,,,,,
230,Kingdra,66,,,,,
231,Phanpy,36,,,,,
231,Phanpy,26,,,,,
232,Donphan,15,,,,,
232,Donphan,26,,,,,
233,Porygon2,8,,,,,
233,Porygon2,118,,,,,
233,Porygon2,164,,,,,
234,Stantler,50,,,,,
234,Stantler,113,,,,,
234,Stantler,134,,,,,
235,Smeargle,37,,,,,
235,Smeargle,80,,,,,
235,Smeargle,146,,,,,
236,Tyrogue,58,,,,,
236,Tyrogue,82,,,,,
236,Tyrogue,6,,,,,
237,Hitmontop,50,,,,,
237,Hitmontop,80,,,,,
237,Hitmontop,82,,,,,
238,Smoochum,39,,,,,
238,Smoochum,114,,,,,
238,Smoochum,109,,,,,
239,Elekid,18,,,,,
239,Elekid,6,,,,,
240,Magby,61,,,,,
240,Magby,6,,,,,
241,Miltank,10,,,,,
241,Miltank,94,,,,,
241,Miltank,134,,,,,
242,Blissey,40,,,,,
242,Blissey,25,,,,,
242,Blissey,155,,,,,
243,Raikou,33,,,,,
243,Raikou,52,,,,,
244,Entei,33,,,,,
244,Entei,52,,,,,
245,Suicune,33,,,,,
245,Suicune,52,,,,,
246,Larvitar,58,,,,,
246,Larvitar,26,,,,,
247,Pupitar,23,,,,,
248,Tyranitar,27,,,,,
248,Tyranitar,128,,,,,
248,Mega Tyranitar,27,,,,,
249,Lugia,33,,,,,
249,Lugia,144,,,,, 
250,Ho-oh,33,,,,,
250,Ho-oh,137,,,,,
251,Celebi,40,,,,,
252,Treecko,38,,,,,
252,Treecko,77,,,,,
253,Grovyle,38,,,,,
253,Grovyle,77,,,,,
254,Sceptile,38,,,,,
254,Sceptile,77,,,,,
254,Mega Sceptile,47,,,,,
255,Torchic,73,,,,,
255,Torchic,19,,,,,
256,Combusken,73,,,,,
256,Combusken,19,,,,,
257,Blaziken,73,,,,,
257,Blaziken,19,,,,,
257,Mega Blaziken,19,,,,,
258,Mudkip,9,,,,,
258,Mudkip,66,,,,,
259,Marshtomp,9,,,,,
259,Marshtomp,66,,,,,
260,Swampert,9,,,,,
260,Swampert,66,,,,,
260,Mega Swampert,12,,,,,
261,Poochyena,28,,,,,
261,Poochyena,97,,,,,
261,Poochyena,138,,,,,
262,Mightyena,50,,,,,
262,Mightyena,97,,,,,
262,Mightyena,145,,,,,
263,Zigzagoon,36,,,,,
263,Zigzagoon,112,,,,,
263,Zigzagoon,97,,,,,
263,Galarian Zigzagoon,36,,,,,
263,Galarian Zigzagoon,112,,,,,
263,Galarian Zigzagoon,97,,,,,
264,Linoone,36,,,,,
264,Linoone,112,,,,,
264,Linoone,97,,,,,
264,Galarian Linoone,36,,,,,
264,Galarian Linoone,112,,,,,
264,Galarian Linoone,97,,,,,
265,Wurmple,21,,,,,
265,Wurmple,28,,,,,
266,Silcoon,23,,,,,
267,Beautifly,13,,,,,
267,Beautifly,95,,,,,
268,Cascoon,23,,,,,
269,Dustox,21,,,,,
269,Dustox,68,,,,,
270,Lotad,12,,,,,
270,Lotad,31,,,,,
270,Lotad,37,,,,,
271,Lombre,12,,,,,
271,Lombre,31,,,,,
271,Lombre,37,,,,,
272,Ludicolo,12,,,,,
272,Ludicolo,31,,,,,
272,Ludicolo,37,,,,,
273,Seedot,72,,,,,
273,Seedot,63,,,,,
273,Seedot,141,,,,,
274,Nuzleaf,72,,,,,
274,Nuzleaf,63,,,,,
274,Nuzleaf,141,,,,,
275,Shiftry,72,,,,,
275,Shiftry,63,,,,,
275,Shiftry,141,,,,,
276,Taillow,58,,,,,
276,Taillow,94,,,,,
277,Swellow,58,,,,,
277,Swellow,94,,,,,
278,Wingull,49,,,,,
278,Wingull,109,,,,,
278,Wingull,31,,,,,
279,Pelipper,49,,,,,
279,Pelipper,65,,,,,
279,Pelipper,31,,,,,
280,Ralts,11,,,,,
280,Ralts,8,,,,,
280,Ralts,132,,,,,
281,Kirlia,11,,,,,
281,Kirlia,8,,,,,
281,Kirlia,132,,,,,
282,Gardevoir,11,,,,,
282,Gardevoir,8,,,,,
282,Gardevoir,132,,,,,
282,Mega Gardevoir,173,,,,,
283,Surskit,12,,,,,
283,Surskit,31,,,,,
284,Masquerain,50,,,,,
284,Masquerain,128,,,,,
285,Shroomish,62,,,,,
285,Shroomish,98,,,,,
285,Shroomish,97,,,,,
286,Breloom,62,,,,,
286,Breloom,98,,,,,
286,Breloom,80,,,,,
287,Slakoth,7,,,,,
288,Vigoroth,6,,,,,
289,Slaking,7,,,,,
290,Nincada,68,,,,,
290,Nincada,28,,,,,
291,Ninjask,19,,,,,
291,Ninjask,151,,,,,
292,Shedinja,1,,,,,
293,Whismur,20,,,,,
293,Whismur,138,,,,,
294,Loudred,20,,,,,
294,Loudred,94,,,,,
295,Exploud,20,,,,,
295,Exploud,94,,,,,
296,Makuhita,10,,,,,
296,Makuhita,58,,,,,
296,Makuhita,133,,,,,
297,Hariyama,10,,,,,
297,Hariyama,58,,,,,
297,Hariyama,133,,,,,
298,Azurill,10,,,,,
298,Azurill,57,,,,,
298,Azurill,134,,,,,
299,Nosepass,15,,,,,
299,Nosepass,43,,,,,
299,Nosepass,136,,,,,
300,Skitty,67,,,,,
300,Skitty,99,,,,,
300,Skitty,125,,,,,
301,Delcatty,67,,,,,
301,Delcatty,99,,,,,
301,Delcatty,125,,,,,
302,Sableye,49,,,,,
302,Sableye,85,,,,,
302,Sableye,139,,,,,
302,Mega Sableye,147,,,,,
303,Mawile,55,,,,,
303,Mawile,50,,,,,
303,Mawile,133,,,,,
303,Mega Mawile,57,,,,,
304,Aron,15,,,,,
304,Aron,30,,,,,
304,Aron,154,,,,,
305,Lairon,15,,,,,
305,Lairon,30,,,,,
305,Lairon,154,,,,,
306,Aggron,15,,,,,
306,Aggron,30,,,,,
306,Aggron,154,,,,,
306,Mega Aggron,116,,,,,
307,Meditite,32,,,,,
307,Meditite,132,,,,,
308,Medicham,32,,,,,
308,Medicham,132,,,,,
308,Mega Medicham,32,,,,,
309,Electrike,18,,,,,
309,Electrike,47,,,,,
309,Electrike,41,,,,,
310,Manectric,18,,,,,
310,Manectric,47,,,,,
310,Manectric,41,,,,,
310,Mega Manectric,50,,,,,
311,35le,35,,,,,
311,35le,47,,,,,
312,Minun,41,,,,,
312,Minun,5,,,,,
313,Volbeat,54,,,,,
313,Volbeat,13,,,,,
313,Volbeat,139,,,,,
314,Illumise,39,,,,,
314,Illumise,79,,,,,
314,Illumise,139,,,,,
315,Roselia,40,,,,,
315,Roselia,34,,,,,
315,Roselia,105,,,,,
316,Gulpin,45,,,,,
316,Gulpin,16,,,,,
316,Gulpin,112,,,,,
317,Swalot,45,,,,,
317,Swalot,16,,,,,
317,Swalot,112,,,,,
318,Carvanha,29,,,,,
318,Carvanha,19,,,,,
319,Sharpedo,29,,,,,
319,Sharpedo,19,,,,,
319,Mega Sharpedo,168,,,,,
320,Wailmer,3,,,,,
320,Wailmer,39,,,,,
320,Wailmer,33,,,,,
321,Wailord,3,,,,,
321,Wailord,39,,,,,
321,Wailord,33,,,,,
322,Numel,39,,,,,
322,Numel,93,,,,,
322,Numel,37,,,,,
323,Camerupt,44,,,,,
323,Camerupt,86,,,,,
323,Camerupt,121,,,,,
323,Mega Camerupt,133,,,,,
324,Torkoal,2,,,,,
324,Torkoal,64,,,,,
324,Torkoal,22,,,,,
325,Spoink,10,,,,,
325,Spoink,37,,,,,
325,Spoink,112,,,,,
326,Grumpig,10,,,,,
326,Grumpig,37,,,,,
326,Grumpig,112,,,,,
327,Spinda,37,,,,,
327,Spinda,81,,,,,
327,Spinda,162,,,,,
328,Trapinch,55,,,,,
328,Trapinch,75,,,,,
328,Trapinch,133,,,,,
329,Vibrava,48,,,,,
330,Flygon,48,,,,,
331,Cacnea,26,,,,,
331,Cacnea,4,,,,,
332,Cacturne,26,,,,,
332,Cacturne,4,,,,,
333,Swablu,40,,,,,
333,Swablu,70,,,,,
334,Altaria,40,,,,,
334,Altaria,70,,,,,
334,Mega Altaria,173,,,,,
335,Zangoose,53,,,,,
335,Zangoose,130,,,,,
336,Seviper,23,,,,,
336,Seviper,151,,,,,
337,Lunatone,48,,,,,
338,Solrock,48,,,,,
339,Barboach,39,,,,,
339,Barboach,120,,,,,
339,Barboach,109,,,,,
340,Whiscash,39,,,,,
340,Whiscash,120,,,,,
340,Whiscash,109,,,,,
341,Corphish,55,,,,,
341,Corphish,22,,,,,
341,Corphish,123,,,,,
342,Crawdaunt,55,,,,,
342,Crawdaunt,22,,,,,
342,Crawdaunt,123,,,,,
343,Baltoy,48,,,,,
344,Claydol,48,,,,,
345,Lileep,14,,,,,
345,Lileep,83,,,,,
346,Cradily,14,,,,,
346,Cradily,83,,,,,
347,Anorith,74,,,,,
347,Anorith,12,,,,,
348,Armaldo,74,,,,,
348,Armaldo,12,,,,,
349,Feebas,12,,,,,
349,Feebas,39,,,,,
349,Feebas,123,,,,,
350,Milotic,42,,,,,
350,Milotic,186,,,,,
350,Milotic,67,,,,,
351,Castform,59,,,,,
351,Castform Sunny Form,59,,,,,
351,Castform Rainy Form,59,,,,,
351,Castform Snowy Form,59,,,,,
352,Kecleon,69,,,,,
352,Kecleon,171,,,,,
353,Shuppet,51,,,,,
353,Shuppet,113,,,,,
353,Shuppet,161,,,,,
354,Banette,51,,,,,
354,Banette,113,,,,,
354,Banette,161,,,,,
354,Mega Banette,139,,,,,
355,Duskull,48,,,,,
355,Duskull,113,,,,,
356,Dusclops,33,,,,,
356,Dusclops,113,,,,,
357,Tropius,72,,,,,
357,Tropius,87,,,,,
357,Tropius,156,,,,,
358,Chimecho,48,,,,,
359,Absol,33,,,,,
359,Absol,82,,,,,
359,Absol,149,,,,,
359,Mega Absol,147,,,,,
360,Wynaut,24,,,,,
360,Wynaut,132,,,,,
361,Snorunt,52,,,,,
361,Snorunt,108,,,,,
361,Snorunt,146,,,,,
362,Glalie,52,,,,,
362,Glalie,108,,,,,
362,Glalie,146,,,,,
362,Mega Glalie,170,,,,,
363,Spheal,10,,,,,
363,Spheal,108,,,,,
363,Spheal,39,,,,,
364,Sealeo,10,,,,,
364,Sealeo,108,,,,,
364,Sealeo,39,,,,,
365,Walrein,10,,,,,
365,Walrein,108,,,,,
365,Walrein,39,,,,,
366,Clamperl,22,,,,,
366,Clamperl,138,,,,,
367,Huntail,12,,,,,
367,Huntail,3,,,,,
368,Gorebyss,12,,,,,
368,Gorebyss,109,,,,,
369,Relicanth,12,,,,,
369,Relicanth,30,,,,,
369,Relicanth,15,,,,,
370,Luvdisc,12,,,,,
370,Luvdisc,109,,,,,
371,Bagon,30,,,,,
371,Bagon,133,,,,,
372,Shelgon,30,,,,,
372,Shelgon,142,,,,,
373,Salamence,50,,,,,
373,Salamence,145,,,,,
373,Mega Salamence,191,,,,,
374,Beldum,71,,,,,
374,Beldum,148,,,,,
375,Metang,71,,,,,
375,Metang,148,,,,,
376,Metagross,71,,,,,
376,Metagross,148,,,,,
376,Mega Metagross,165,,,,,
377,Regirock,71,,,,,
377,Regirock,15,,,,,
378,Regice,71,,,,,
378,Regice,108,,,,,
379,Registeel,71,,,,,
379,Registeel,148,,,,,
380,Latias,48,,,,,
380,Mega Latias,48,,,,,
381,Latios,48,,,,,
381,Mega Latios,48,,,,,
382,Kyogre,65,,,,,
382,Primal Kyogre,172,,,,,
383,Groudon,64,,,,,
383,Primal Groudon,183,,,,,
384,Rayquaza,76,,,,,
384,Mega Rayquaza,184,,,,,
385,Jirachi,25,,,,,
386,Deoxys Normal Forme,33,,,,,
386,Deoxys Attack Forme,33,,,,,
386,Deoxys Defense Forme,33,,,,,
386,Deoxys Speed Forme,33,,,,,
387,Turtwig,38,,,,,
387,Turtwig,22,,,,,
388,Grotle,38,,,,,
388,Grotle,22,,,,,
389,Torterra,38,,,,,
389,Torterra,22,,,,,
390,Chimchar,73,,,,,
390,Chimchar,107,,,,,
391,Monferno,73,,,,,
391,Monferno,107,,,,,
392,Infernape,73,,,,,
392,Infernape,107,,,,,
393,Piplup,9,,,,,
393,Piplup,159,,,,,
394,Prinplup,9,,,,,
394,Prinplup,159,,,,,
395,Empoleon,9,,,,,
395,Empoleon,159,,,,,
396,Starly,49,,,,,
396,Starly,96,,,,,
397,Staravia,50,,,,,
397,Staravia,96,,,,,
398,Staraptor,50,,,,,
398,Staraptor,96,,,,,
399,Bidoof,93,,,,,
399,Bidoof,78,,,,,
399,Bidoof,146,,,,,
400,Bibarel,93,,,,,
400,Bibarel,78,,,,,
400,Bibarel,146,,,,,
401,Kricketot,23,,,,,
401,Kricketot,28,,,,,
402,Kricketune,13,,,,,
402,Kricketune,80,,,,,
403,Shinx,95,,,,,
403,Shinx,50,,,,,
403,Shinx,58,,,,,
404,Luxio,95,,,,,
404,Luxio,50,,,,,
404,Luxio,58,,,,,
405,Luxray,95,,,,,
405,Luxray,50,,,,,
405,Luxray,58,,,,,
406,Budew,40,,,,,
406,Budew,34,,,,,
406,Budew,105,,,,,
407,Roserade,40,,,,,
407,Roserade,34,,,,,
407,Roserade,80,,,,,
408,Cranidos,103,,,,,
408,Cranidos,133,,,,,
409,Rampardos,103,,,,,
409,Rampardos,133,,,,,
410,Shieldon,15,,,,,
410,Shieldon,20,,,,,
411,Bastiodon,15,,,,,
411,Bastiodon,20,,,,,
412,Burmy,23,,,,,
412,Burmy,142,,,,,
413,Wormadam Plant Cloak,120,,,,,
413,Wormadam Plant Cloak,142,,,,,
413,Wormadam Sandy Cloak,120,,,,,
413,Wormadam Sandy Cloak,142,,,,,
413,Wormadam Trash Cloak,120,,,,,
413,Wormadam Trash Cloak,142,,,,,
414,Mothim,13,,,,,
414,Mothim,79,,,,,
415,Combee,110,,,,,
415,Combee,56,,,,,
416,Vespiquen,33,,,,,
416,Vespiquen,128,,,,,
417,Pachirisu,28,,,,,
417,Pachirisu,36,,,,,
417,Pachirisu,5,,,,,
418,Buizel,12,,,,,
418,Buizel,3,,,,,
419,Floatzel,12,,,,,
419,Floatzel,3,,,,,
420,Cherubi,72,,,,,
421,Cherrim,115,,,,,
422,Shellos,16,,,,,
422,Shellos,83,,,,,
422,Shellos,136,,,,,
423,Gastrodon,16,,,,,
423,Gastrodon,83,,,,,
423,Gastrodon,136,,,,,
424,Ambipom,80,,,,,
424,Ambipom,36,,,,,
424,Ambipom,92,,,,,
425,Drifloon,122,,,,,
425,Drifloon,77,,,,,
425,Drifloon,158,,,,,
426,Drifblim,122,,,,,
426,Drifblim,77,,,,,
426,Drifblim,158,,,,,
427,Buneary,28,,,,,
427,Buneary,106,,,,,
427,Buneary,46,,,,,
428,Lopunny,67,,,,,
428,Lopunny,106,,,,,
428,Lopunny,46,,,,,
428,Mega Lopunny,94,,,,,
429,Mismagius,48,,,,,
430,Honchkrow,51,,,,,
430,Honchkrow,82,,,,,
430,Honchkrow,145,,,,,
431,Glameow,46,,,,,
431,Glameow,37,,,,,
431,Glameow,49,,,,,
432,Purugly,10,,,,,
432,Purugly,37,,,,,
432,Purugly,159,,,,,
433,Chingling,48,,,,,
434,Stunky,17,,,,,
434,Stunky,122,,,,,
434,Stunky,49,,,,,
435,Skuntank,17,,,,,
435,Skuntank,122,,,,,
435,Skuntank,49,,,,,
436,Bronzor,48,,,,,
436,Bronzor,111,,,,,
436,Bronzor,154,,,,,
437,Bronzong,48,,,,,
437,Bronzong,111,,,,,
437,Bronzong,154,,,,,
438,Bonsly,15,,,,,
438,Bonsly,30,,,,,
438,Bonsly,138,,,,,
439,Mime Jr.,20,,,,,
439,Mime Jr.,116,,,,,
439,Mime Jr.,80,,,,,
440,Happiny,40,,,,,
440,Happiny,25,,,,,
440,Happiny,157,,,,,
441,Chatot,49,,,,,
441,Chatot,81,,,,,
441,Chatot,163,,,,,
442,Spiritomb,33,,,,,
442,Spiritomb,151,,,,,
443,Gible,26,,,,,
443,Gible,29,,,,,
444,Gabite,26,,,,,
444,Gabite,29,,,,,
445,Garchomp,26,,,,,
445,Garchomp,29,,,,,
445,Mega Garchomp,136,,,,,
446,Munchlax,36,,,,,
446,Munchlax,10,,,,,
446,Munchlax,112,,,,,
447,Riolu,82,,,,,
447,Riolu,52,,,,,
447,Riolu,139,,,,,
448,Lucario,82,,,,,
448,Lucario,52,,,,,
448,Lucario,149,,,,,
448,Mega Lucario,123,,,,,
449,Hippopotas,27,,,,,
449,Hippopotas,136,,,,,
450,Hippowdon,27,,,,,
450,Hippowdon,136,,,,,
451,Skorupi,74,,,,,
451,Skorupi,90,,,,,
451,Skorupi,49,,,,,
452,Drapion,74,,,,,
452,Drapion,90,,,,,
452,Drapion,49,,,,,
453,Croagunk,120,,,,,
453,Croagunk,117,,,,,
453,Croagunk,140,,,,,
454,Toxicroak,120,,,,,
454,Toxicroak,117,,,,,
454,Toxicroak,140,,,,,
455,Carnivine,48,,,,,
456,Finneon,12,,,,,
456,Finneon,83,,,,,
456,Finneon,3,,,,,
457,Lumineon,12,,,,,
457,Lumineon,83,,,,,
457,Lumineon,3,,,,,
458,Mantyke,12,,,,,
458,Mantyke,4,,,,,
458,Mantyke,3,,,,,
459,Snover,88,,,,,
459,Snover,20,,,,,
460,Abomasnow,88,,,,,
460,Abomasnow,20,,,,,
460,Mega Abomasnow,88,,,,,
461,Weavile,33,,,,,
461,Weavile,141,,,,,
462,Magnezone,43,,,,,
462,Magnezone,15,,,,,
462,Magnezone,164,,,,,
463,Lickilicky,37,,,,,
463,Lickilicky,39,,,,,
463,Lickilicky,70,,,,,
464,Rhyperior,47,,,,,
464,Rhyperior,86,,,,,
464,Rhyperior,96,,,,,
465,Tangrowth,72,,,,,
465,Tangrowth,105,,,,,
465,Tangrowth,137,,,,,
466,Electivire,102,,,,,
466,Electivire,6,,,,,
467,Magmortar,61,,,,,
467,Magmortar,6,,,,,
468,Togekiss,56,,,,,
468,Togekiss,25,,,,,
468,Togekiss,82,,,,,
469,Yanmega,19,,,,,
469,Yanmega,79,,,,,
469,Yanmega,113,,,,,
470,Leafeon,105,,,,,
470,Leafeon,72,,,,,
471,Glaceon,89,,,,,
471,Glaceon,108,,,,,
472,Gliscor,55,,,,,
472,Gliscor,26,,,,,
472,Gliscor,98,,,,,
473,Mamoswine,39,,,,,
473,Mamoswine,89,,,,,
473,Mamoswine,10,,,,,
474,Porygon-Z,123,,,,,
474,Porygon-Z,118,,,,,
474,Porygon-Z,164,,,,,
475,Gallade,82,,,,,
475,Gallade,149,,,,,
475,Mega Gallade,52,,,,,
476,Probopass,15,,,,,
476,Probopass,43,,,,,
476,Probopass,136,,,,,
477,Dusknoir,33,,,,,
477,Dusknoir,113,,,,,
478,Froslass,89,,,,,
478,Froslass,161,,,,,
479,Rotom,48,,,,,
479,Heat Rotom,48,,,,,
479,Wash Rotom,48,,,,,
479,Frost Rotom,48,,,,,
479,Fan Rotom,48,,,,,
479,Mow Rotom,48,,,,,
480,Uxie,48,,,,,
481,Mesprit,48,,,,,
482,Azelf,48,,,,,
483,Dialga,33,,,,,
483,Dialga,132,,,,,
483,Dialga Origin Forme,33,,,,,
483,Dialga Origin Forme,132,,,,,
484,Palkia,33,,,,,
484,Palkia,132,,,,,
484,Palkia Origin Forme,33,,,,,
484,Palkia Origin Forme,132,,,,,
485,Heatran,60,,,,,
485,Heatran,61,,,,,
486,Regigigas,91,,,,,
487,Giratina Altered Forme,33,,,,,
487,Giratina Altered Forme,132,,,,,
487,Giratina Origin Forme,48,,,,,
488,Cresselia,48,,,,,
489,Phione,109,,,,,
490,Manaphy,109,,,,,
491,Darkrai,119,,,,,
492,Shaymin Land Forme,40,,,,,
492,Shaymin Sky Forme,25,,,,,
493,Arceus,101,,,,,
494,Victini,127,,,,,
495,Snivy,38,,,,,
495,Snivy,162,,,,,
496,Servine,38,,,,,
496,Servine,162,,,,,
497,Serperior,38,,,,,
497,Serperior,162,,,,,
498,Tepig,73,,,,,
498,Tepig,10,,,,,
499,Pignite,73,,,,,
499,Pignite,10,,,,,
500,Emboar,73,,,,,
500,Emboar,96,,,,,
501,Oshawott,9,,,,,
501,Oshawott,22,,,,,
502,Dewott,9,,,,,
502,Dewott,22,,,,,
503,Samurott,9,,,,,
503,Samurott,22,,,,,
503,Hisuian Samurott,9,,,,,
503,Hisuian Samurott,22,,,,,
504,Patrat,28,,,,,
504,Patrat,49,,,,,
504,Patrat,164,,,,,
505,Watchog,54,,,,,
505,Watchog,49,,,,,
505,Watchog,164,,,,,
506,Lillipup,6,,,,,
506,Lillipup,36,,,,,
506,Lillipup,28,,,,,
507,Herdier,50,,,,,
507,Herdier,135,,,,,
507,Herdier,94,,,,,
508,Stoutland,50,,,,,
508,Stoutland,135,,,,,
508,Stoutland,94,,,,,
509,Purrloin,46,,,,,
509,Purrloin,77,,,,,
509,Purrloin,139,,,,,
510,Liepard,46,,,,,
510,Liepard,77,,,,,
510,Liepard,139,,,,,
511,Pansage,112,,,,,
511,Pansage,38,,,,,
512,Simisage,112,,,,,
512,Simisage,38,,,,,
513,Pansear,112,,,,,
513,Pansear,73,,,,,
514,Simisear,112,,,,,
514,Simisear,73,,,,,
515,Panpour,112,,,,,
515,Panpour,9,,,,,
516,Simipour,112,,,,,
516,Simipour,9,,,,,
517,Munna,114,,,,,
517,Munna,11,,,,,
517,Munna,132,,,,,
518,Musharna,114,,,,,
518,Musharna,11,,,,,
518,Musharna,132,,,,,
519,Pidove,163,,,,,
519,Pidove,82,,,,,
519,Pidove,95,,,,,
520,Tranquill,163,,,,,
520,Tranquill,82,,,,,
520,Tranquill,95,,,,,
521,Unfezant,163,,,,,
521,Unfezant,82,,,,,
521,Unfezant,95,,,,,
522,Blitzle,47,,,,,
522,Blitzle,102,,,,,
522,Blitzle,134,,,,,
523,Zebstrika,47,,,,,
523,Zebstrika,102,,,,,
523,Zebstrika,134,,,,,
524,Roggenrola,15,,,,,
524,Roggenrola,126,,,,,
524,Roggenrola,136,,,,,
525,Boldore,15,,,,,
525,Boldore,126,,,,,
525,Boldore,136,,,,,
526,Gigalith,15,,,,,
526,Gigalith,27,,,,,
526,Gigalith,136,,,,,
527,Woobat,78,,,,,
527,Woobat,106,,,,,
527,Woobat,93,,,,,
528,Swoobat,78,,,,,
528,Swoobat,106,,,,,
528,Swoobat,93,,,,,
529,Drilbur,135,,,,,
529,Drilbur,136,,,,,
529,Drilbur,103,,,,,
530,Excadrill,135,,,,,
530,Excadrill,136,,,,,
530,Excadrill,103,,,,,
531,Audino,155,,,,,
531,Audino,137,,,,,
531,Audino,106,,,,,
531,Mega Audino,155,,,,,
532,Timburr,58,,,,,
532,Timburr,133,,,,,
532,Timburr,107,,,,,
533,Gurdurr,58,,,,,
533,Gurdurr,133,,,,,
533,Gurdurr,107,,,,,
534,Conkeldurr,58,,,,,
534,Conkeldurr,133,,,,,
534,Conkeldurr,107,,,,,
535,Tympole,12,,,,,
535,Tympole,109,,,,,
535,Tympole,4,,,,,
536,Palpitoad,12,,,,,
536,Palpitoad,109,,,,,
536,Palpitoad,4,,,,,
537,Seismitoad,12,,,,,
537,Seismitoad,140,,,,,
537,Seismitoad,4,,,,,
538,Throh,58,,,,,
538,Throh,52,,,,,
538,Throh,103,,,,,
539,Sawk,15,,,,,
539,Sawk,52,,,,,
539,Sawk,103,,,,,
540,Sewaddle,13,,,,,
540,Sewaddle,72,,,,,
540,Sewaddle,142,,,,,
541,Swadloon,105,,,,,
541,Swadloon,72,,,,,
541,Swadloon,142,,,,,
542,Leavanny,13,,,,,
542,Leavanny,72,,,,,
542,Leavanny,142,,,,,
543,Venipede,34,,,,,
543,Venipede,13,,,,,
543,Venipede,19,,,,,
544,Whirlipede,34,,,,,
544,Whirlipede,13,,,,,
544,Whirlipede,19,,,,,
545,Scolipede,34,,,,,
545,Scolipede,13,,,,,
545,Scolipede,19,,,,,
546,Cottonee,139,,,,,
546,Cottonee,151,,,,,
546,Cottonee,72,,,,,
547,Whimsicott,139,,,,,
547,Whimsicott,151,,,,,
547,Whimsicott,72,,,,,
548,Petilil,72,,,,,
548,Petilil,37,,,,,
548,Petilil,105,,,,,
549,Lilligant,72,,,,,
549,Lilligant,37,,,,,
549,Lilligant,105,,,,,
549,Hisuian Lilligant,72,,,,,
549,Hisuian Lilligant,56,,,,,
549,Hisuian Lilligant,105,,,,,
550,Basculin Red-Striped Form,96,,,,,
550,Basculin Red-Striped Form,123,,,,,
550,Basculin Red-Striped Form,103,,,,,
550,Basculin Blue-Striped Form,30,,,,,
550,Basculin Blue-Striped Form,123,,,,,
550,Basculin Blue-Striped Form,103,,,,,
550,Basculin-White Striped,138,,,,,
550,Basculin-White Striped,123,,,,,
550,Basculin-White Striped,103,,,,,
551,Sandile,50,,,,,
551,Sandile,145,,,,,
551,Sandile,121,,,,,
552,Krokorok,50,,,,,
552,Krokorok,145,,,,,
552,Krokorok,121,,,,,
553,Krookodile,50,,,,,
553,Krookodile,145,,,,,
553,Krookodile,121,,,,,
554,Darumaka,56,,,,,
554,Darumaka,52,,,,,
554,Galarian Darumaka,56,,,,,
554,Galarian Darumaka,52,,,,,
555,Darmanitan Standard Mode,133,,,,,
555,Darmanitan Standard Mode,124,,,,,
555,Darmanitan 124,133,,,,,
555,Darmanitan 124,124,,,,,
555,Galarian Darmanitan,259,,,,,
555,Galarian Darmanitan,124,,,,,
555,Galarian Darmanitan 124,259,,,,,
555,Galarian Darmanitan 124,124,,,,,
556,Maractus,4,,,,,
556,Maractus,72,,,,,
556,Maractus,83,,,,,
557,Dwebble,15,,,,,
557,Dwebble,22,,,,,
557,Dwebble,126,,,,,
558,Crustle,15,,,,,
558,Crustle,22,,,,,
558,Crustle,126,,,,,
559,Scraggy,23,,,,,
559,Scraggy,145,,,,,
559,Scraggy,50,,,,,
560,Scrafty,23,,,,,
560,Scrafty,145,,,,,
560,Scrafty,50,,,,,
561,Sigilyph,125,,,,,
561,Sigilyph,104,,,,,
561,Sigilyph,79,,,,,
562,Yamask,143,,,,,
562,Galarian Yamask,234,,,,,
563,Cofagrigus,143,,,,,
564,Tirtouga,86,,,,,
564,Tirtouga,15,,,,,
564,Tirtouga,12,,,,,
565,Carracosta,86,,,,,
565,Carracosta,15,,,,,
565,Carracosta,12,,,,,
566,Archen,160,,,,,
567,Archeops,160,,,,,
568,Trubbish,17,,,,,
568,Trubbish,16,,,,,
568,Trubbish,122,,,,,
569,Garbodor,17,,,,,
569,Garbodor,126,,,,,
569,Garbodor,122,,,,,
570,Zorua,153,,,,,
570,Hisuian Zorua,153,,,,,
571,Zoroark,153,,,,,
571,Hisuian Zoroark,153,,,,,
572,Minccino,67,,,,,
572,Minccino,80,,,,,
572,Minccino,92,,,,,
573,Cinccino,67,,,,,
573,Cinccino,80,,,,,
573,Cinccino,92,,,,,
574,Gothita,113,,,,,
574,Gothita,186,,,,,
574,Gothita,24,,,,,
575,Gothorita,113,,,,,
575,Gothorita,186,,,,,
575,Gothorita,24,,,,,
576,Gothitelle,113,,,,,
576,Gothitelle,186,,,,,
576,Gothitelle,24,,,,,
577,Solosis,142,,,,,
577,Solosis,104,,,,,
577,Solosis,137,,,,,
578,Duosion,142,,,,,
578,Duosion,104,,,,,
578,Duosion,137,,,,,
579,Reuniclus,142,,,,,
579,Reuniclus,104,,,,,
579,Reuniclus,137,,,,,
580,Ducklett,49,,,,,
580,Ducklett,163,,,,,
580,Ducklett,109,,,,,
581,Swanna,49,,,,,
581,Swanna,163,,,,,
581,Swanna,109,,,,,
582,Vanillite,108,,,,,
582,Vanillite,89,,,,,
582,Vanillite,126,,,,,
583,Vanillish,108,,,,,
583,Vanillish,89,,,,,
583,Vanillish,126,,,,,
584,Vanilluxe,108,,,,,
584,Vanilluxe,88,,,,,
584,Vanilluxe,126,,,,,
585,Deerling,72,,,,,
585,Deerling,134,,,,,
585,Deerling,25,,,,,
586,Sawsbuck,72,,,,,
586,Sawsbuck,134,,,,,
586,Sawsbuck,25,,,,,
587,Emolga,18,,,,,
587,Emolga,102,,,,,
588,Karrablast,13,,,,,
588,Karrablast,23,,,,,
588,Karrablast,100,,,,,
589,Escavalier,13,,,,,
589,Escavalier,22,,,,,
589,Escavalier,142,,,,,
590,Foongus,62,,,,,
590,Foongus,137,,,,,
591,Amoonguss,62,,,,,
591,Amoonguss,137,,,,,
592,Frillish,4,,,,,
592,Frillish,161,,,,,
592,Frillish,66,,,,,
593,Jellicent,4,,,,,
593,Jellicent,161,,,,,
593,Jellicent,66,,,,,
594,Alomomola,155,,,,,
594,Alomomola,109,,,,,
594,Alomomola,137,,,,,
595,Joltik,68,,,,,
595,Joltik,128,,,,,
595,Joltik,13,,,,,
596,Galvantula,68,,,,,
596,Galvantula,128,,,,,
596,Galvantula,13,,,,,
597,Ferroseed,150,,,,,
597,Ferroseed,120,,,,,
598,Ferrothorn,150,,,,,
598,Ferrothorn,120,,,,,
599,Klink,35,,,,,
599,Klink,41,,,,,
599,Klink,71,,,,,
600,Klang,35,,,,,
600,Klang,41,,,,,
600,Klang,71,,,,,
601,Klinklang,35,,,,,
601,Klinklang,41,,,,,
601,Klinklang,71,,,,,
602,Tynamo,48,,,,,
603,Eelektrik,48,,,,,
604,Eelektross,48,,,,,
605,Elgyem,132,,,,,
605,Elgyem,11,,,,,
605,Elgyem,164,,,,,
606,Beheeyem,132,,,,,
606,Beheeyem,11,,,,,
606,Beheeyem,164,,,,,
607,Litwick,60,,,,,
607,Litwick,61,,,,,
607,Litwick,151,,,,,
608,Lampent,60,,,,,
608,Lampent,61,,,,,
608,Lampent,151,,,,,
609,Chandelure,60,,,,,
609,Chandelure,61,,,,,
609,Chandelure,151,,,,,
610,Axew,95,,,,,
610,Axew,103,,,,,
610,Axew,128,,,,,
611,Fraxure,95,,,,,
611,Fraxure,103,,,,,
611,Fraxure,128,,,,,
612,Haxorus,95,,,,,
612,Haxorus,103,,,,,
612,Haxorus,128,,,,,
613,Cubchoo,89,,,,,
613,Cubchoo,202,,,,,
613,Cubchoo,138,,,,,
614,Beartic,89,,,,,
614,Beartic,202,,,,,
614,Beartic,12,,,,,
615,Cryogonal,48,,,,,
616,Shelmet,109,,,,,
616,Shelmet,22,,,,,
616,Shelmet,142,,,,,
617,Accelgor,109,,,,,
617,Accelgor,16,,,,,
617,Accelgor,77,,,,,
618,Stunfisk,18,,,,,
618,Stunfisk,46,,,,,
618,Stunfisk,26,,,,,
618,Galarian Stunfisk,251,,,,,
619,Mienfoo,52,,,,,
619,Mienfoo,137,,,,,
619,Mienfoo,96,,,,,
620,Mienshao,52,,,,,
620,Mienshao,137,,,,,
620,Mienshao,96,,,,,
621,Druddigon,29,,,,,
621,Druddigon,133,,,,,
621,Druddigon,103,,,,,
622,Golett,107,,,,,
622,Golett,106,,,,,
622,Golett,100,,,,,
623,Golurk,107,,,,,
623,Golurk,106,,,,,
623,Golurk,100,,,,,
624,Pawniard,159,,,,,
624,Pawniard,52,,,,,
624,Pawniard,33,,,,,
625,Bisharp,159,,,,,
625,Bisharp,52,,,,,
625,Bisharp,33,,,,,
626,Bouffalant,96,,,,,
626,Bouffalant,134,,,,,
626,Bouffalant,20,,,,,
627,Rufflet,49,,,,,
627,Rufflet,133,,,,,
627,Rufflet,56,,,,,
628,Braviary,49,,,,,
628,Braviary,133,,,,,
628,Braviary,159,,,,,
628,Hisuian Braviary,49,,,,,
628,Hisuian Braviary,133,,,,,
628,Hisuian Braviary,159,,,,,
629,Vullaby,163,,,,,
629,Vullaby,142,,,,,
629,Vullaby,126,,,,,
630,Mandibuzz,163,,,,,
630,Mandibuzz,142,,,,,
630,Mandibuzz,126,,,,,
631,Heatmor,112,,,,,
631,Heatmor,60,,,,,
631,Heatmor,2,,,,,
632,Durant,13,,,,,
632,Durant,56,,,,,
632,Durant,7,,,,,
633,Deino,56,,,,,
634,Zweilous,56,,,,,
635,Hydreigon,48,,,,,
636,Larvesta,61,,,,,
636,Larvesta,13,,,,,
637,Volcarona,61,,,,,
637,Volcarona,13,,,,,
638,Cobalion,149,,,,,
639,Terrakion,149,,,,,
640,Virizion,149,,,,,
641,Tornadus Incarnate Forme,139,,,,,
641,Tornadus Incarnate Forme,159,,,,,
641,Tornadus Therian Forme,137,,,,,
642,Thundurus Incarnate Forme,139,,,,,
642,Thundurus Incarnate Forme,159,,,,,
642,Thundurus Therian Forme,5,,,,,
643,Reshiram,129,,,,,
644,Zekrom,131,,,,,
645,Landorus Incarnate Forme,136,,,,,
645,Landorus Incarnate Forme,133,,,,,
645,Landorus Therian Forme,50,,,,,
646,Kyurem,33,,,,,
646,Black Kyurem,131,,,,,
646,White Kyurem,129,,,,,
647,Keldeo Ordinary Forme,149,,,,,
647,Keldeo Resolute Forme,149,,,,,
648,Meloetta Aria Forme,25,,,,,
648,Meloetta Pirouette Forme,25,,,,,
649,Genesect,118,,,,,
650,Chespin,38,,,,,
650,Chespin,188,,,,,
651,Quilladin,38,,,,,
651,Quilladin,188,,,,,
652,Chesnaught,38,,,,,
652,Chesnaught,188,,,,,
653,Fennekin,73,,,,,
653,Fennekin,176,,,,,
654,Braixen,73,,,,,
654,Braixen,176,,,,,
655,Delphox,73,,,,,
655,Delphox,176,,,,,
656,Froakie,9,,,,,
656,Froakie,171,,,,,
657,Frogadier,9,,,,,
657,Frogadier,171,,,,,
658,Greninja,9,,,,,
658,Greninja,171,,,,,
658,Ash-Greninja,232,,,,,
659,Bunnelby,36,,,,,
659,Bunnelby,187,,,,,
659,Bunnelby,57,,,,,
660,Diggersby,36,,,,,
660,Diggersby,187,,,,,
660,Diggersby,57,,,,,
661,Fletchling,163,,,,,
661,Fletchling,179,,,,,
662,Fletchinder,61,,,,,
662,Fletchinder,179,,,,,
663,Talonflame,61,,,,,
663,Talonflame,179,,,,,
664,Scatterbug,21,,,,,
664,Scatterbug,68,,,,,
664,Scatterbug,157,,,,,
665,Spewpa,23,,,,,
665,Spewpa,157,,,,,
666,Vivillon,21,,,,,
666,Vivillon,68,,,,,
666,Vivillon,157,,,,,
667,Litleo,95,,,,,
667,Litleo,128,,,,,
667,Litleo,145,,,,,
668,Pyroar,95,,,,,
668,Pyroar,128,,,,,
668,Pyroar,145,,,,,
669,FlabÃ©bÃ©,181,,,,,
669,FlabÃ©bÃ©,166,,,,,
670,Floette,181,,,,,
670,Floette,166,,,,,
671,Florges,181,,,,,
671,Florges,166,,,,,
672,Skiddo,134,,,,,
672,Skiddo,177,,,,,
673,Gogoat,134,,,,,
673,Gogoat,177,,,,,
674,Pancham,107,,,,,
674,Pancham,103,,,,,
674,Pancham,94,,,,,
675,Pangoro,107,,,,,
675,Pangoro,103,,,,,
675,Pangoro,94,,,,,
676,Furfrou,180,,,,,
677,Espurr,49,,,,,
677,Espurr,151,,,,,
677,Espurr,37,,,,,
678,Meowstic Male,49,,,,,
678,Meowstic Male,151,,,,,
678,Meowstic Male,139,,,,,
678,Meowstic Female,49,,,,,
678,Meowstic Female,151,,,,,
678,Meowstic Female,186,,,,,
679,Honedge,100,,,,,
680,Doublade,100,,,,,
681,Aegislash Blade Forme,169,,,,,
681,Aegislash Shield Forme,169,,,,,
682,Spritzee,155,,,,,
682,Spritzee,190,,,,,
683,Aromatisse,155,,,,,
683,Aromatisse,190,,,,,
684,Swirlix,167,,,,,
684,Swirlix,77,,,,,
685,Slurpuff,167,,,,,
685,Slurpuff,77,,,,,
686,Inkay,162,,,,,
686,Inkay,14,,,,,
686,Inkay,151,,,,,
687,Malamar,162,,,,,
687,Malamar,14,,,,,
687,Malamar,151,,,,,
688,Binacle,90,,,,,
688,Binacle,165,,,,,
688,Binacle,141,,,,,
689,Barbaracle,90,,,,,
689,Barbaracle,165,,,,,
689,Barbaracle,141,,,,,
690,Skrelp,34,,,,,
690,Skrelp,140,,,,,
690,Skrelp,123,,,,,
691,Dragalge,34,,,,,
691,Dragalge,140,,,,,
691,Dragalge,123,,,,,
692,Clauncher,175,,,,,
693,Clawitzer,175,,,,,
694,Helioptile,117,,,,,
694,Helioptile,26,,,,,
694,Helioptile,87,,,,,
695,Heliolisk,117,,,,,
695,Heliolisk,26,,,,,
695,Heliolisk,87,,,,,
696,Tyrunt,168,,,,,
696,Tyrunt,15,,,,,
697,Tyrantrum,168,,,,,
697,Tyrantrum,30,,,,,
698,Amaura,170,,,,,
698,Amaura,88,,,,,
699,Aurorus,170,,,,,
699,Aurorus,88,,,,,
700,Sylveon,67,,,,,
700,Sylveon,173,,,,,
701,Hawlucha,46,,,,,
701,Hawlucha,77,,,,,
701,Hawlucha,103,,,,,
702,Dedenne,187,,,,,
702,Dedenne,36,,,,,
702,Dedenne,35,,,,,
703,Carbink,71,,,,,
703,Carbink,15,,,,,
704,Goomy,134,,,,,
704,Goomy,109,,,,,
704,Goomy,178,,,,,
705,Sliggoo,134,,,,,
705,Sliggoo,109,,,,,
705,Sliggoo,178,,,,,
705,Hisuian Sliggoo,134,,,,,
705,Hisuian Sliggoo,142,,,,,
705,Hisuian Sliggoo,178,,,,,
706,Goodra,134,,,,,
706,Goodra,109,,,,,
706,Goodra,178,,,,,
706,Hisuian Goodra,134,,,,,
706,Hisuian Goodra,142,,,,,
706,Hisuian Goodra,178,,,,,
707,Klefki,139,,,,,
707,Klefki,176,,,,,
708,Phantump,40,,,,,
708,Phantump,113,,,,,
708,Phantump,156,,,,,
709,Trevenant,40,,,,,
709,Trevenant,113,,,,,
709,Trevenant,156,,,,,
710,Pumpkaboo Average Size,36,,,,,
710,Pumpkaboo Average Size,113,,,,,
710,Pumpkaboo Average Size,51,,,,,
710,Pumpkaboo Small Size,36,,,,,
710,Pumpkaboo Small Size,113,,,,,
710,Pumpkaboo Small Size,51,,,,,
710,Pumpkaboo Large Size,36,,,,,
710,Pumpkaboo Large Size,113,,,,,
710,Pumpkaboo Large Size,51,,,,,
710,Pumpkaboo Super Size,36,,,,,
710,Pumpkaboo Super Size,113,,,,,
710,Pumpkaboo Super Size,51,,,,,
711,Gourgeist Average Size,36,,,,,
711,Gourgeist Average Size,113,,,,,
711,Gourgeist Average Size,51,,,,,
711,Gourgeist Small Size,36,,,,,
711,Gourgeist Small Size,113,,,,,
711,Gourgeist Small Size,51,,,,,
711,Gourgeist Large Size,36,,,,,
711,Gourgeist Large Size,113,,,,,
711,Gourgeist Large Size,51,,,,,
711,Gourgeist Super Size,36,,,,,
711,Gourgeist Super Size,113,,,,,
711,Gourgeist Super Size,51,,,,,
712,Bergmite,37,,,,,
712,Bergmite,108,,,,,
712,Bergmite,15,,,,,
713,Avalugg,37,,,,,
713,Avalugg,108,,,,,
713,Avalugg,15,,,,,
713,Hisuian Avalugg,168,,,,,
713,Hisuian Avalugg,108,,,,,
713,Hisuian Avalugg,15,,,,,
714,Noibat,113,,,,,
714,Noibat,151,,,,,
714,Noibat,132,,,,,
715,Noivern,113,,,,,
715,Noivern,151,,,,,
715,Noivern,132,,,,,
716,Xerneas,182,,,,,
717,Yveltal,185,,,,,
718,Zygarde 50% Forme,189,,,,,
718,Zygarde 50% Forme,212,,,,,
718,Zygarde 10% Forme,189,,,,,
718,Zygarde 10% Forme,212,,,,,
718,Zygarde Complete Forme,212,,,,,
719,Diancie,71,,,,,
719,Mega Diancie,147,,,,,
720,Hoopa Confined,176,,,,,
720,Hoopa Unbound,176,,,,,
721,Volcanion,4,,,,,
722,Rowlet,38,,,,,
722,Rowlet,216,,,,,
723,Dartrix,38,,,,,
723,Dartrix,216,,,,,
724,Decidueye,38,,,,,
724,Decidueye,216,,,,,
724,Hisuian Decidueye,38,,,,,
724,Hisuian Decidueye,216,,,,,
725,Litten,73,,,,,
725,Litten,50,,,,,
726,Torracat,73,,,,,
726,Torracat,50,,,,,
727,Incineroar,73,,,,,
727,Incineroar,50,,,,,
728,Popplio,9,,,,,
728,Popplio,217,,,,,
729,Brionne,9,,,,,
729,Brionne,217,,,,,
730,Primarina,9,,,,,
730,Primarina,217,,,,,
731,Pikipek,49,,,,,
731,Pikipek,92,,,,,
731,Pikipek,36,,,,,
732,Trumbeak,49,,,,,
732,Trumbeak,92,,,,,
732,Trumbeak,36,,,,,
733,Toucannon,49,,,,,
733,Toucannon,92,,,,,
733,Toucannon,133,,,,,
734,Yungoos,168,,,,,
734,Yungoos,200,,,,,
734,Yungoos,123,,,,,
735,Gumshoos,168,,,,,
735,Gumshoos,200,,,,,
735,Gumshoos,123,,,,,
736,Grubbin,13,,,,,
737,Charjabug,233,,,,,
738,Vikavolt,48,,,,,
739,Crabrawler,55,,,,,
739,Crabrawler,107,,,,,
739,Crabrawler,121,,,,,
740,Crabominable,55,,,,,
740,Crabominable,107,,,,,
740,Crabominable,121,,,,,
741,Oricorio Baile Style,227,,,,,
741,Oricorio Pom-Pom Style,227,,,,,
741,Oricorio Pa'u Style,227,,,,,
741,Oricorio Sensu Style,227,,,,,
742,Cutiefly,110,,,,,
742,Cutiefly,21,,,,,
742,Cutiefly,167,,,,,
743,Ribombee,110,,,,,
743,Ribombee,21,,,,,
743,Ribombee,167,,,,,
744,Rockruff,49,,,,,
744,Rockruff,6,,,,,
744,Rockruff,82,,,,,
744,37 Rockruff,37,,,,,
745,Lycanroc Midday Form,49,,,,,
745,Lycanroc Midday Form,135,,,,,
745,Lycanroc Midday Form,82,,,,,
745,Lycanroc Midnight Form,49,,,,,
745,Lycanroc Midnight Form,6,,,,,
745,Lycanroc Midnight Form,100,,,,,
745,Lycanroc Dusk Form,165,,,,,
746,Wishiwashi Solo Form,205,,,,,
746,Wishiwashi School Form,205,,,,,
747,Mareanie,215,,,,,
747,Mareanie,46,,,,,
747,Mareanie,137,,,,,
748,Toxapex,215,,,,,
748,Toxapex,46,,,,,
748,Toxapex,137,,,,,
749,Mudbray,37,,,,,
749,Mudbray,199,,,,,
749,Mudbray,52,,,,,
750,Mudsdale,37,,,,,
750,Mudsdale,199,,,,,
750,Mudsdale,52,,,,,
751,Dewpider,194,,,,,
751,Dewpider,4,,,,,
752,Araquanid,194,,,,,
752,Araquanid,4,,,,,
753,Fomantis,105,,,,,
753,Fomantis,162,,,,,
754,Lurantis,105,,,,,
754,Lurantis,162,,,,,
755,Morelull,54,,,,,
755,Morelull,62,,,,,
755,Morelull,31,,,,,
756,Shiinotic,54,,,,,
756,Shiinotic,62,,,,,
756,Shiinotic,31,,,,,
757,Salandit,228,,,,,
757,Salandit,39,,,,,
758,Salazzle,228,,,,,
758,Salazzle,39,,,,,
759,Stufful,222,,,,,
759,Stufful,106,,,,,
759,Stufful,67,,,,,
760,Bewear,222,,,,,
760,Bewear,106,,,,,
760,Bewear,128,,,,,
761,Bounsweet,105,,,,,
761,Bounsweet,39,,,,,
761,Bounsweet,167,,,,,
762,Steenee,105,,,,,
762,Steenee,39,,,,,
762,Steenee,167,,,,,
763,Tsareena,105,,,,,
763,Tsareena,208,,,,,
763,Tsareena,167,,,,,
764,Comfey,181,,,,,
764,Comfey,195,,,,,
764,Comfey,40,,,,,
765,Oranguru,52,,,,,
765,Oranguru,132,,,,,
765,Oranguru,166,,,,,
766,Passimian,207,,,,,
766,Passimian,159,,,,,
767,Wimpod,192,,,,,
768,Golisopod,223,,,,,
769,Sandygast,193,,,,,
769,Sandygast,26,,,,,
770,Palossand,193,,,,,
770,Palossand,26,,,,,
771,Pyukumuku,218,,,,,
771,Pyukumuku,78,,,,,
772,Type: Null,74,,,,,
773,Silvally,206,,,,,
774,Minior Meteor Form,203,,,,,
774,Minior Core Form,203,,,,,
775,Komala,229,,,,,
776,Turtonator,22,,,,,
777,Togedemaru,150,,,,,
777,Togedemaru,47,,,,,
777,Togedemaru,15,,,,,
778,Mimikyu,225,,,,,
779,Bruxish,226,,,,,
779,Bruxish,168,,,,,
779,Bruxish,125,,,,,
780,Drampa,230,,,,,
780,Drampa,134,,,,,
780,Drampa,70,,,,,
781,Dhelmise,198,,,,,
782,Jangmo-o,188,,,,,
782,Jangmo-o,20,,,,,
782,Jangmo-o,142,,,,,
783,Hakamo-o,188,,,,,
783,Hakamo-o,20,,,,,
783,Hakamo-o,142,,,,,
784,Kommo-o,188,,,,,
784,Kommo-o,20,,,,,
784,Kommo-o,142,,,,,
785,Tapu Koko,224,,,,,
785,Tapu Koko,132,,,,,
786,Tapu Lele,209,,,,,
786,Tapu Lele,132,,,,,
787,Tapu Bulu,219,,,,,
787,Tapu Bulu,132,,,,,
788,Tapu Fini,214,,,,,
788,Tapu Fini,132,,,,,
789,Cosmog,78,,,,,
790,Cosmoem,15,,,,,
791,Solgaleo,221,,,,,
792,Lunala,204,,,,,
793,Nihilego,231,,,,,
794,Buzzwole,231,,,,,
795,Pheromosa,231,,,,,
796,Xurkitree,231,,,,,
797,Celesteela,231,,,,,
798,Kartana,231,,,,,
799,Guzzlord,231,,,,,
800,Necrozma,210,,,,,
800,Dusk Mane Necrozma,210,,,,,
800,Dawn Wings Necrozma,210,,,,,
800,Ultra Necrozma,213,,,,,
801,Magearna,201,,,,,
802,Marshadow,80,,,,,
803,Poipole,231,,,,,
804,Naganadel,231,,,,,
805,Stakataka,231,,,,,
806,Blacephalon,231,,,,,
807,Zeraora,5,,,,,
808,Meltan,43,,,,,
809,Melmetal,107,,,,,
810,Grookey,38,,,,,
810,Grookey,219,,,,,
811,Thwackey,38,,,,,
811,Thwackey,219,,,,,
812,Rillaboom,38,,,,,
812,Rillaboom,219,,,,,
813,Scorbunny,73,,,,,
813,Scorbunny,252,,,,,
814,Raboot,73,,,,,
814,Raboot,252,,,,,
815,Cinderace,73,,,,,
815,Cinderace,252,,,,,
816,Sobble,9,,,,,
816,Sobble,90,,,,,
817,Drizzile,9,,,,,
817,Drizzile,90,,,,,
818,Inteleon,9,,,,,
818,Inteleon,90,,,,,
819,Skwovet,187,,,,,
819,Skwovet,112,,,,,
820,Greedent,187,,,,,
820,Greedent,112,,,,,
821,Rookidee,49,,,,,
821,Rookidee,128,,,,,
821,Rookidee,163,,,,,
822,Corvisquire,49,,,,,
822,Corvisquire,128,,,,,
822,Corvisquire,163,,,,,
823,Corviknight,33,,,,,
823,Corviknight,128,,,,,
823,Corviknight,250,,,,,
824,Blipbug,13,,,,,
824,Blipbug,68,,,,,
824,Blipbug,132,,,,,
825,Dottler,13,,,,,
825,Dottler,68,,,,,
825,Dottler,132,,,,,
826,Orbeetle,13,,,,,
826,Orbeetle,113,,,,,
826,Orbeetle,132,,,,,
827,Nickit,28,,,,,
827,Nickit,77,,,,,
827,Nickit,200,,,,,
828,Thievul,28,,,,,
828,Thievul,77,,,,,
828,Thievul,200,,,,,
829,Gossifleur,267,,,,,
829,Gossifleur,137,,,,,
829,Gossifleur,62,,,,,
830,Eldegoss,267,,,,,
830,Eldegoss,137,,,,,
830,Eldegoss,62,,,,,
831,Wooloo,222,,,,,
831,Wooloo,28,,,,,
831,Wooloo,188,,,,,
832,Dubwool,222,,,,,
832,Dubwool,82,,,,,
832,Dubwool,188,,,,,
833,Chewtle,168,,,,,
833,Chewtle,22,,,,,
833,Chewtle,12,,,,,
834,Drednaw,168,,,,,
834,Drednaw,22,,,,,
834,Drednaw,12,,,,,
835,Yamper,265,,,,,
835,Yamper,138,,,,,
836,Boltund,168,,,,,
836,Boltund,186,,,,,
837,Rolycoly,238,,,,,
837,Rolycoly,111,,,,,
837,Rolycoly,60,,,,,
838,Carkol,238,,,,,
838,Carkol,61,,,,,
838,Carkol,60,,,,,
839,Coalossal,238,,,,,
839,Coalossal,61,,,,,
839,Coalossal,60,,,,,
840,Applin,242,,,,,
840,Applin,112,,,,,
840,Applin,188,,,,,
841,Flapple,242,,,,,
841,Flapple,112,,,,,
841,Flapple,56,,,,,
842,Appletun,242,,,,,
842,Appletun,112,,,,,
842,Appletun,10,,,,,
843,Silicobra,241,,,,,
843,Silicobra,23,,,,,
843,Silicobra,26,,,,,
844,Sandaconda,241,,,,,
844,Sandaconda,23,,,,,
844,Sandaconda,26,,,,,
845,Cramorant,257,,,,,
846,Arrokuda,12,,,,,
846,Arrokuda,245,,,,,
847,Barraskewda,12,,,,,
847,Barraskewda,245,,,,,
848,Toxel,138,,,,,
848,Toxel,18,,,,,
848,Toxel,106,,,,,
849,Toxtricity Low Key Form,244,,,,,
849,Toxtricity Low Key Form,41,,,,,
849,Toxtricity Low Key Form,80,,,,,
849,Toxtricity Amped Form,244,,,,,
849,Toxtricity Amped Form,35,,,,,
849,Toxtricity Amped Form,80,,,,,
850,Sizzlipede,60,,,,,
850,Sizzlipede,2,,,,,
850,Sizzlipede,61,,,,,
851,Centiskorch,60,,,,,
851,Centiskorch,2,,,,,
851,Centiskorch,61,,,,,
852,Clobbopus,46,,,,,
852,Clobbopus,80,,,,,
853,Grapploct,46,,,,,
853,Grapploct,80,,,,,
854,Sinistea,126,,,,,
854,Sinistea,161,,,,,
855,Polteageist,126,,,,,
855,Polteageist,161,,,,,
856,Hatenna,155,,,,,
856,Hatenna,120,,,,,
856,Hatenna,147,,,,,
857,Hattrem,155,,,,,
857,Hattrem,120,,,,,
857,Hattrem,147,,,,,
858,Hatterene,155,,,,,
858,Hatterene,120,,,,,
858,Hatterene,147,,,,,
859,Impidimp,139,,,,,
859,Impidimp,113,,,,,
859,Impidimp,141,,,,,
860,Morgrem,139,,,,,
860,Morgrem,113,,,,,
860,Morgrem,141,,,,,
861,Grimmsnarl,139,,,,,
861,Grimmsnarl,113,,,,,
861,Grimmsnarl,141,,,,,
862,Obstagoon,96,,,,,
862,Obstagoon,58,,,,,
862,Obstagoon,159,,,,,
863,Perrserker,74,,,,,
863,Perrserker,165,,,,,
863,Perrserker,237,,,,,
864,Cursola,126,,,,,
864,Cursola,247,,,,,
865,Sirfetch'd,82,,,,,
865,Sirfetch'd,94,,,,,
866,Mr. Rime,81,,,,,
866,Mr. Rime,240,,,,,
866,Mr. Rime,108,,,,,
867,Runerigus,234,,,,,
868,Milcery,167,,,,,
868,Milcery,190,,,,,
869,Alcremie,167,,,,,
869,Alcremie,190,,,,,
870,Falinks,74,,,,,
870,Falinks,159,,,,,
871,Pincurchin,47,,,,,
871,Pincurchin,224,,,,,
872,Snom,21,,,,,
872,Snom,255,,,,,
873,Frosmoth,21,,,,,
873,Frosmoth,255,,,,,
874,Stonjourner,246,,,,,
875,Eiscue Ice Face,255,,,,,
875,Eiscue No Ice Face,255,,,,,
876,Indeedee Male,52,,,,,
876,Indeedee Male,11,,,,,
876,Indeedee Male,209,,,,,
876,Indeedee Female,37,,,,,
876,Indeedee Female,11,,,,,
876,Indeedee Female,209,,,,,
877,Morpeko Full Belly Mode,256,,,,,
877,Morpeko Hangry Mode,256,,,,,
878,Cufant,133,,,,,
878,Cufant,154,,,,,
879,Copperajah,133,,,,,
879,Copperajah,154,,,,,
880,Dracozolt,5,,,,,
880,Dracozolt,56,,,,,
880,Dracozolt,135,,,,,
881,Arctozolt,5,,,,,
881,Arctozolt,18,,,,,
881,Arctozolt,202,,,,,
882,Dracovish,4,,,,,
882,Dracovish,168,,,,,
882,Dracovish,135,,,,,
883,Arctovish,4,,,,,
883,Arctovish,108,,,,,
883,Arctovish,202,,,,,
884,Duraludon,148,,,,,
884,Duraludon,154,,,,,
884,Duraludon,239,,,,,
885,Dreepy,71,,,,,
885,Dreepy,151,,,,,
885,Dreepy,161,,,,,
886,Drakloak,71,,,,,
886,Drakloak,151,,,,,
886,Drakloak,161,,,,,
887,Dragapult,71,,,,,
887,Dragapult,151,,,,,
887,Dragapult,161,,,,,
888,Zacian Crowned Sword,253,,,,,
888,Zacian Hero of Many Battles,253,,,,,
889,Zamazenta Crowned Shield,261,,,,,
889,Zamazenta Hero of Many Battles,261,,,,,
890,Eternatus,33,,,,,
890,Eternatus Eternamax,0,,,,,
891,Kubfu,52,,,,,
892,Urshifu Rapid Strike,235,,,,,
892,Urshifu Single Strike,235,,,,,
893,Zarude,105,,,,,
894,Regieleki,236,,,,,
895,Regidrago,260,,,,,
896,Glastrier,268,,,,,
897,Spectrier,258,,,,,
898,Calyrex,128,,,,,
898,Calyrex Ice Rider,266,,,,,
898,Calyrex Shadow Rider,266,,,,,
899,Wyrdeer,50,,,,,
899,Wyrdeer,113,,,,,
899,Wyrdeer,134,,,,,
900,Kleavor,13,,,,,
900,Kleavor,133,,,,,
900,Kleavor,82,,,,,
901,Ursaluna,58,,,,,
901,Ursaluna,188,,,,,
901,Ursaluna,128,,,,,
902,Basculegion,138,,,,,
902,Basculegion,123,,,,,
902,Basculegion,103,,,,,
903,Sneasler,33,,,,,
903,Sneasler,140,,,,,
904,Overqwil,34,,,,,
904,Overqwil,12,,,,,
904,Overqwil,50,,,,,
905,Enamorus Incarnate Forme,155,,,,,
905,Enamorus Incarnate Forme,162,,,,,
905,Enamorus Therian Forme,142,,,,,
